,Uniprot ID,Cluster ID,Annotation,Taxonomy,CTD Seq,Overall Pred,Overall AtoB Disc,Preds used,Pred1,Confidence 1,Pred2,Confidence 2
0,A0A077QHU1,178,Transcription termination/antitermination protein NusG,Enterobacterales TaxID=91347,ADFNGVVEEVDYEKSRLKVSVSIFGRATPVELDFSQVEKA,NFS,0.0,3,---EEEEEEEE----EEEEEEEE------EEEE--EEE--,Good confidence,---EEEEEEE-----EEEEEEEEE-----EEEE-------,Good confidence
1,A0A0P1LTF1,76,Transcription termination/antitermination protein NusG,Candidatus Kryptonia,ADFSGIVQEVNSGKMKLKVMINIFGRKTPVELDFAQVEIE,NFS,0.0,2,----EEHHHH-----EEEEHHHHH---------EEEEEE-,Low confidence,----EEEEEE-----EEEEEEEEE----EEEEEE------,Good confidence
2,A0A0S4NBF0,243,Transcriptional antiterminator RfaH,Candidatus Kryptobacter,GFAGIVERINGSKAIVMLISMDYQVKADIPKFLLRKVDPE,FS,0.5238095238095238,2,--HHHHHH-----EEEEEEE---HHH----HHHHH-----,Low confidence,--HHHHHH-----EEEEEEE---HHHHHHHHHHHH-----,Good confidence
3,A0A1W1XWG8,62,Transcription termination/antitermination protein NusG,Desulfacinum TaxID=35836,ASFNGVVEQVIPEKGKVRVLVTIFGRSTPVELDFVQIQRL,NFS,0.0,2,-----HEEEEE-----EEEEEEEE-------EEEEEEE--,Low confidence,---EEEEEEE-----EEEEEEEEE-----EEE--------,Good confidence
4,A0A2J6WKD6,79,NGN domain-containing protein,Calditerrivibrio nitroreducens,KDFVGIFQEELDSKGRVSILLKTLALQPRITVDKDMIEKL,FS,0.8095238095238095,2,--HHHHHHHH------EEHHHHHHH----EE--HHHHH--,Low confidence,---HHHHHHH-----HHHHHHHHH-----EEE-HHHHH--,Good confidence
5,B3EDK9,28,NusG antitermination factor,Chlorobium limicola,KGLEGVVVKEGRESRLVVYFDRIMQGIEVSIYPELLSPIH,FS,0.06728778467908902,3,----EEEEE-----EEEEEEHHHH-HEEEEE--HH-----,Good confidence,----EEEE------EEEEEEHHHH-HEEEEE--HHH----,Good confidence
6,E8N6B2,131,Putative RfaH family transcriptional regulator,Anaerolinea thermophila,GYEAIFDVRLSGKERVRVLIQLLSQRYIPVEMQVGSLKPL,FS,0.5,2,---EEEEEE-----HHHHHHHHHH-----EEEEE------,Low confidence,----E-------HHHHHHHHHHH---EEEEEE--------,Good confidence
7,Q0TAL4,124,Transcription antitermination protein RfaH,Bacteria TaxID=2,FEGFQAIFTEPDGEARSMLLLNLINKEIKHSVKNTEFRKL,FS,0.4368421052631579,3,-----EEE-----HHHHHHHHHH----EEEEE----EE--,Good confidence,-----EEE-----HHHHHHHHHHH---EEEEE--------,Good confidence
8,Q9F769,83,,,DFCGVEGELASEANKTYVVIRIAGVLSASVKVPKSYLRVI,NFS,0.023809523809523808,3,------EEEEE----EEEEEEE--EEEEEEE---------,Good confidence,------EEEEEE---EEEEEEE---EEEEEEEHHHHHH--,Good confidence
9,UPI000E4E22B5,51,antiterminator LoaP,Clostridium innocuum,KGYESNIIRIDRHKRRAILNVRMNNQDLQVDVSLEIVKKI,FS,0.09199134199134198,3,-----EEEEEE----EEEEEEE------EEEEEEHHH---,Good confidence,-----EEEEE-----EEEEEEE-----EEEEEEHHHH---,Good confidence
